{"stats":{"minecraft:mined":{"minecraft:dark_oak_leaves":5,"minecraft:dark_oak_log":4,"minecraft:andesite":1,"minecraft:crafting_table":2,"minecraft:grass_block":1,"minecraft:oak_log":5,"minecraft:gravel":1,"minecraft:dirt":5,"minecraft:stone":19},"minecraft:picked_up":{"minecraft:crafting_table":2,"minecraft:andesite":1,"minecraft:pink_wool":1,"minecraft:gravel":1,"minecraft:oak_log":5,"minecraft:dark_oak_log":4,"minecraft:dirt":6,"minecraft:glow_berries":1,"minecraft:mutton":4,"minecraft:white_wool":2,"minecraft:cobblestone":19},"minecraft:used":{"minecraft:stone_pickaxe":18,"minecraft:wooden_pickaxe":5,"minecraft:stone_axe":9,"minecraft:glow_berries":1,"minecraft:dirt":4,"minecraft:crafting_table":2},"minecraft:custom":{"minecraft:time_since_rest":4157,"minecraft:sprint_one_cm":14198,"minecraft:damage_taken":120,"minecraft:walk_one_cm":3427,"minecraft:mob_kills":3,"minecraft:damage_dealt":240,"minecraft:interact_with_crafting_table":3,"minecraft:fly_one_cm":6956,"minecraft:crouch_one_cm":639,"minecraft:play_time":4157,"minecraft:sneak_time":895,"minecraft:jump":49,"minecraft:leave_game":1,"minecraft:time_since_death":4157,"minecraft:total_world_time":4157,"minecraft:fall_one_cm":3307},"minecraft:killed":{"minecraft:sheep":3},"minecraft:crafted":{"minecraft:crafting_table":1,"minecraft:stick":8,"minecraft:wooden_pickaxe":1,"minecraft:stone_pickaxe":1,"minecraft:dark_oak_planks":16,"minecraft:stone_axe":1}},"DataVersion":3465}